<?xml version="1.0" encoding="UTF-8"?>
<!-- Copyright ETS-Soft -->
<slides><slide obj="MLS_Slide" id_slide="1" image="slider-1-a.jpg" repeat_x="0" repeat_y="0" sort_order="1" backgroud_color="#f5f5f2" custom_class="" enabled="1" animation_in="fadeInLeft" animation_out="fadeOutUp" title="Slide 1" link_img="/etssoft/themes/boom17/modules/ets_multilayerslider/views/img/upload/slider-1-a.jpg" max_layer_in="3500" max_layer_out="1200"><layers><layer obj="MLS_Layer" id_slide="1" layer_type="text" font_size="18.00" text_color="#000000" custom_class="sl_title" background_color="#F3F3F3" background_opacity="1.00" font_family="" font_weight="normal" text_decoration="none" text_transform="uppercase" padding="5px 10px" box_radius="20" top="120.00" left="110.00" right="0.00" top_right="0.00" animation_in="fadeInLeft" animation_out="fadeOutLeft" width="" height="" sort_order="1" move_in="1000" move_out="500" stand_duration="0" start_delay="0" image="" content_layer="New arrivals" link="" link_image="/etssoft/themes/boom17/modules/ets_multilayerslider/views/img/upload/"/><layer obj="MLS_Layer" id_slide="1" layer_type="text" font_size="42.00" text_color="#000000" custom_class="sl_subtitle" background_color="#F3F3F3" background_opacity="1.00" font_family="Montserrat" font_weight="600" text_decoration="none" text_transform="uppercase" padding="5px 10px" box_radius="20" top="165.00" left="110.00" right="0.00" top_right="0.00" animation_in="slideInRight" animation_out="slideOutRight" width="" height="" sort_order="2" move_in="1000" move_out="500" stand_duration="0" start_delay="0" image="" content_layer="Men &amp;amp; fashion" link="" link_image="/etssoft/themes/boom17/modules/ets_multilayerslider/views/img/upload/"/><layer obj="MLS_Layer" id_slide="1" layer_type="text" font_size="40.00" text_color="#222222" custom_class="main_color" background_color="#F3F3F3" background_opacity="1.00" font_family="Montserrat" font_weight="normal" text_decoration="none" text_transform="uppercase" padding="5px 10px" box_radius="20" top="218.00" left="110.00" right="0.00" top_right="0.00" animation_in="fadeIn" animation_out="fadeOut" width="" height="" sort_order="3" move_in="1000" move_out="500" stand_duration="0" start_delay="0" image="" content_layer="big sale" link="" link_image="/etssoft/themes/boom17/modules/ets_multilayerslider/views/img/upload/"/><layer obj="MLS_Layer" id_slide="1" layer_type="text" font_size="16.00" text_color="#929292" custom_class="sl_des" background_color="#ec4249" background_opacity="1.00" font_family="" font_weight="normal" text_decoration="none" text_transform="none" padding="10px 20px" box_radius="20" top="260.00" left="110.00" right="0.00" top_right="0.00" animation_in="slideInRight" animation_out="slideOutRight" width="" height="" sort_order="4" move_in="1000" move_out="700" stand_duration="500" start_delay="900" image="" content_layer="Lorem ipsum dolor sit amet, consectetur adipiscing elit&lt;br /&gt; odio. Praesent libero. Sed cursus ante dapibus dia" link="#" link_image="/etssoft/themes/boom17/modules/ets_multilayerslider/views/img/upload/"/><layer obj="MLS_Layer" id_slide="1" layer_type="button" font_size="13.00" text_color="#000000" custom_class="sl_button" background_color="#f3f3f3" background_opacity="1.00" font_family="Montserrat" font_weight="normal" text_decoration="underline" text_transform="uppercase" padding="9px 13px" box_radius="0" top="335.00" left="110.00" right="0.00" top_right="0.00" animation_in="zoomIn" animation_out="zoomOut" width="" height="" sort_order="5" move_in="1000" move_out="500" stand_duration="500" start_delay="2500" image="" content_layer="Purchase Now" link="http://ets.boom17.dev/en/3-women" link_image="/etssoft/themes/boom17/modules/ets_multilayerslider/views/img/upload/"/></layers></slide><slide obj="MLS_Slide" id_slide="5" image="slider_1-2.jpg" repeat_x="0" repeat_y="0" sort_order="2" backgroud_color="#f5f5f2" custom_class="" enabled="1" animation_in="zoomInFlipHoriz" animation_out="zoomOutFlipVert" title="Slide 1-2" link_img="/etssoft/themes/boom17/modules/ets_multilayerslider/views/img/upload/slider_1-2.jpg" max_layer_in="3500" max_layer_out="1200"><layers><layer obj="MLS_Layer" id_slide="5" layer_type="text" font_size="18.00" text_color="#ffffff" custom_class="sl_title" background_color="#F3F3F3" background_opacity="1.00" font_family="" font_weight="normal" text_decoration="none" text_transform="uppercase" padding="5px 10px" box_radius="20" top="140.00" left="775.00" right="0.00" top_right="0.00" animation_in="fadeInLeft" animation_out="fadeOutLeft" width="" height="" sort_order="1" move_in="1000" move_out="500" stand_duration="0" start_delay="0" image="" content_layer="Women’s accesories" link="" link_image="/etssoft/themes/boom17/modules/ets_multilayerslider/views/img/upload/"/><layer obj="MLS_Layer" id_slide="5" layer_type="text" font_size="42.00" text_color="#ffffff" custom_class="sl_subtitle" background_color="#F3F3F3" background_opacity="1.00" font_family="Montserrat" font_weight="600" text_decoration="none" text_transform="uppercase" padding="5px 10px" box_radius="20" top="184.00" left="670.00" right="0.00" top_right="0.00" animation_in="slideInRight" animation_out="slideOutRight" width="" height="" sort_order="2" move_in="1000" move_out="500" stand_duration="0" start_delay="0" image="" content_layer="new jewellery" link="" link_image="/etssoft/themes/boom17/modules/ets_multilayerslider/views/img/upload/"/><layer obj="MLS_Layer" id_slide="5" layer_type="text" font_size="40.00" text_color="#ffffff" custom_class="main_color" background_color="#F3F3F3" background_opacity="1.00" font_family="Montserrat" font_weight="normal" text_decoration="none" text_transform="uppercase" padding="5px 10px" box_radius="20" top="238.00" left="780.00" right="0.00" top_right="0.00" animation_in="fadeIn" animation_out="fadeOut" width="" height="" sort_order="3" move_in="1000" move_out="500" stand_duration="0" start_delay="0" image="" content_layer="25% off" link="" link_image="/etssoft/themes/boom17/modules/ets_multilayerslider/views/img/upload/"/><layer obj="MLS_Layer" id_slide="5" layer_type="text" font_size="16.00" text_color="#ffffff" custom_class="sl_des" background_color="#ec4249" background_opacity="1.00" font_family="" font_weight="normal" text_decoration="none" text_transform="none" padding="10px 20px" box_radius="20" top="280.00" left="678.00" right="0.00" top_right="0.00" animation_in="slideInRight" animation_out="slideOutRight" width="" height="" sort_order="4" move_in="1000" move_out="700" stand_duration="500" start_delay="900" image="" content_layer="&lt;p class=&quot;center&quot;&gt;Lorem ipsum dolor sit amet, consectetur adipiscing elit&lt;br /&gt; odio. Praesent libero. Sed cursus ante dapibus dia&lt;/p&gt;" link="#" link_image="/etssoft/themes/boom17/modules/ets_multilayerslider/views/img/upload/"/><layer obj="MLS_Layer" id_slide="5" layer_type="button" font_size="13.00" text_color="#000000" custom_class="sl_button border_transparent" background_color="#f3f3f3" background_opacity="1.00" font_family="Montserrat" font_weight="normal" text_decoration="underline" text_transform="uppercase" padding="10px 15px" box_radius="0" top="350.00" left="799.00" right="0.00" top_right="0.00" animation_in="zoomIn" animation_out="zoomOut" width="" height="" sort_order="5" move_in="1000" move_out="500" stand_duration="500" start_delay="2500" image="" content_layer="Purchase Now" link="#" link_image="/etssoft/themes/boom17/modules/ets_multilayerslider/views/img/upload/"/></layers></slide><slide obj="MLS_Slide" id_slide="6" image="2.jpg" repeat_x="0" repeat_y="0" sort_order="3" backgroud_color="#f5f5f2" custom_class="" enabled="1" animation_in="fadeInUp" animation_out="fadeOutUp" title="Slide 2" link_img="/etssoft/themes/boom17/modules/ets_multilayerslider/views/img/upload/2.jpg" max_layer_in="3500" max_layer_out="1200"><layers><layer obj="MLS_Layer" id_slide="6" layer_type="text" font_size="18.00" text_color="#ffffff" custom_class="sl_title" background_color="#F3F3F3" background_opacity="1.00" font_family="" font_weight="normal" text_decoration="none" text_transform="uppercase" padding="5px 10px" box_radius="20" top="140.00" left="370.00" right="0.00" top_right="0.00" animation_in="fadeInLeft" animation_out="fadeOutLeft" width="" height="" sort_order="1" move_in="1000" move_out="500" stand_duration="0" start_delay="0" image="" content_layer="New arrivals" link="" link_image="/etssoft/themes/boom17/modules/ets_multilayerslider/views/img/upload/"/><layer obj="MLS_Layer" id_slide="6" layer_type="text" font_size="42.00" text_color="#ffffff" custom_class="sl_subtitle" background_color="#F3F3F3" background_opacity="1.00" font_family="Montserrat" font_weight="600" text_decoration="none" text_transform="uppercase" padding="5px 10px" box_radius="20" top="185.00" left="370.00" right="0.00" top_right="0.00" animation_in="slideInRight" animation_out="slideOutRight" width="" height="" sort_order="2" move_in="1000" move_out="500" stand_duration="0" start_delay="0" image="" content_layer="Women’s charm" link="" link_image="/etssoft/themes/boom17/modules/ets_multilayerslider/views/img/upload/"/><layer obj="MLS_Layer" id_slide="6" layer_type="text" font_size="40.00" text_color="#ffffff" custom_class="main_color" background_color="#F3F3F3" background_opacity="1.00" font_family="" font_weight="normal" text_decoration="none" text_transform="uppercase" padding="5px 10px" box_radius="20" top="238.00" left="370.00" right="0.00" top_right="0.00" animation_in="fadeIn" animation_out="fadeOut" width="" height="" sort_order="3" move_in="1000" move_out="500" stand_duration="0" start_delay="0" image="" content_layer="hot deal" link="" link_image="/etssoft/themes/boom17/modules/ets_multilayerslider/views/img/upload/"/><layer obj="MLS_Layer" id_slide="6" layer_type="text" font_size="16.00" text_color="#ffffff" custom_class="sl_des" background_color="#ec4249" background_opacity="1.00" font_family="" font_weight="normal" text_decoration="none" text_transform="none" padding="10px 20px" box_radius="20" top="282.80" left="370.00" right="0.00" top_right="0.00" animation_in="slideInRight" animation_out="slideOutRight" width="" height="" sort_order="4" move_in="1000" move_out="700" stand_duration="500" start_delay="900" image="" content_layer="Lorem ipsum dolor sit amet, consectetur adipiscing elit&lt;br /&gt; odio. Praesent libero. Sed cursus ante dapibus dia" link="#" link_image="/etssoft/themes/boom17/modules/ets_multilayerslider/views/img/upload/"/><layer obj="MLS_Layer" id_slide="6" layer_type="button" font_size="13.00" text_color="#ffffff" custom_class="sl_button" background_color="" background_opacity="1.00" font_family="Montserrat" font_weight="normal" text_decoration="underline" text_transform="uppercase" padding="10px 15px" box_radius="0" top="353.00" left="370.00" right="0.00" top_right="0.00" animation_in="zoomIn" animation_out="zoomOut" width="" height="" sort_order="5" move_in="1000" move_out="500" stand_duration="500" start_delay="2500" image="" content_layer="Purchase Now" link="#" link_image="/etssoft/themes/boom17/modules/ets_multilayerslider/views/img/upload/"/></layers></slide><slide obj="MLS_Slide" id_slide="7" image="2-2.jpg" repeat_x="0" repeat_y="0" sort_order="4" backgroud_color="#f5f5f2" custom_class="" enabled="1" animation_in="fadeInLeft" animation_out="fadeOutDown" title="Slide 2-1" link_img="/etssoft/themes/boom17/modules/ets_multilayerslider/views/img/upload/2-2.jpg" max_layer_in="3500" max_layer_out="1200"><layers><layer obj="MLS_Layer" id_slide="7" layer_type="text" font_size="18.00" text_color="#ffffff" custom_class="sl_title" background_color="#F3F3F3" background_opacity="1.00" font_family="" font_weight="normal" text_decoration="none" text_transform="uppercase" padding="5px 10px" box_radius="20" top="200.00" left="1070.00" right="0.00" top_right="0.00" animation_in="fadeInLeft" animation_out="fadeOutLeft" width="" height="" sort_order="1" move_in="1000" move_out="500" stand_duration="0" start_delay="0" image="" content_layer="New arrivals" link="" link_image="/etssoft/themes/boom17/modules/ets_multilayerslider/views/img/upload/"/><layer obj="MLS_Layer" id_slide="7" layer_type="text" font_size="42.00" text_color="#ffffff" custom_class="sl_subtitle" background_color="#F3F3F3" background_opacity="1.00" font_family="Montserrat" font_weight="600" text_decoration="none" text_transform="uppercase" padding="5px 10px" box_radius="20" top="245.00" left="1070.00" right="0.00" top_right="0.00" animation_in="slideInRight" animation_out="slideOutRight" width="" height="" sort_order="2" move_in="1000" move_out="500" stand_duration="0" start_delay="0" image="" content_layer="Winter trends" link="" link_image="/etssoft/themes/boom17/modules/ets_multilayerslider/views/img/upload/"/><layer obj="MLS_Layer" id_slide="7" layer_type="text" font_size="16.00" text_color="#ffffff" custom_class="sl_des" background_color="#ec4249" background_opacity="1.00" font_family="" font_weight="normal" text_decoration="none" text_transform="none" padding="10px 20px" box_radius="20" top="282.00" left="1070.00" right="0.00" top_right="0.00" animation_in="slideInRight" animation_out="slideOutRight" width="" height="" sort_order="3" move_in="1000" move_out="700" stand_duration="500" start_delay="900" image="" content_layer="&lt;p&gt;Lorem ipsum dolor sit amet, consectetur adipiscing elit&lt;br /&gt; odio. Praesent libero. Sed cursus ante dapibus dia&lt;/p&gt;" link="#" link_image="/etssoft/themes/boom17/modules/ets_multilayerslider/views/img/upload/"/><layer obj="MLS_Layer" id_slide="7" layer_type="button" font_size="13.00" text_color="#ffffff" custom_class="sl_button" background_color="" background_opacity="1.00" font_family="Montserrat" font_weight="normal" text_decoration="underline" text_transform="uppercase" padding="10px 15px" box_radius="0" top="353.00" left="1073.04" right="0.00" top_right="0.00" animation_in="zoomIn" animation_out="zoomOut" width="" height="" sort_order="4" move_in="1000" move_out="500" stand_duration="500" start_delay="2500" image="" content_layer="Purchase Now" link="#" link_image="/etssoft/themes/boom17/modules/ets_multilayerslider/views/img/upload/"/></layers></slide><slide obj="MLS_Slide" id_slide="10" image="slider-3.1.jpg" repeat_x="0" repeat_y="0" sort_order="5" backgroud_color="#f5f5f2" custom_class="" enabled="1" animation_in="rollIn" animation_out="zoomOutFlipVert" title="Slide 3-1" link_img="/etssoft/themes/boom17/modules/ets_multilayerslider/views/img/upload/slider-3.1.jpg" max_layer_in="3500" max_layer_out="1000"><layers><layer obj="MLS_Layer" id_slide="10" layer_type="text" font_size="18.00" text_color="#ffffff" custom_class="sl_title" background_color="#F3F3F3" background_opacity="1.00" font_family="" font_weight="normal" text_decoration="none" text_transform="uppercase" padding="5px 10px" box_radius="20" top="110.00" left="735.00" right="0.00" top_right="0.00" animation_in="fadeInLeft" animation_out="fadeOutLeft" width="" height="" sort_order="1" move_in="1000" move_out="500" stand_duration="0" start_delay="0" image="" content_layer="New arrivals" link="" link_image="/etssoft/themes/boom17/modules/ets_multilayerslider/views/img/upload/"/><layer obj="MLS_Layer" id_slide="10" layer_type="text" font_size="42.00" text_color="#ffffff" custom_class="sl_subtitle" background_color="#F3F3F3" background_opacity="1.00" font_family="Montserrat" font_weight="600" text_decoration="none" text_transform="uppercase" padding="5px 10px" box_radius="20" top="155.00" left="535.00" right="0.00" top_right="0.00" animation_in="slideInRight" animation_out="slideOutRight" width="" height="" sort_order="2" move_in="1000" move_out="500" stand_duration="0" start_delay="0" image="" content_layer="fashion essentials" link="" link_image="/etssoft/themes/boom17/modules/ets_multilayerslider/views/img/upload/"/><layer obj="MLS_Layer" id_slide="10" layer_type="button" font_size="13.00" text_color="#ffffff" custom_class="sl_button" background_color="" background_opacity="1.00" font_family="Montserrat" font_weight="normal" text_decoration="underline" text_transform="uppercase" padding="10px 15px" box_radius="0" top="205.00" left="724.56" right="0.00" top_right="0.00" animation_in="zoomIn" animation_out="zoomOut" width="" height="" sort_order="3" move_in="1000" move_out="500" stand_duration="500" start_delay="2500" image="" content_layer="Purchase Now" link="#" link_image="/etssoft/themes/boom17/modules/ets_multilayerslider/views/img/upload/"/></layers></slide><slide obj="MLS_Slide" id_slide="12" image="slider_3-2.jpg" repeat_x="0" repeat_y="0" sort_order="6" backgroud_color="#f5f5f2" custom_class="" enabled="1" animation_in="rollIn" animation_out="zoomOutFlipVert" title="Slide 3-2" link_img="/etssoft/themes/boom17/modules/ets_multilayerslider/views/img/upload/slider_3-2.jpg" max_layer_in="3500" max_layer_out="1000"><layers><layer obj="MLS_Layer" id_slide="12" layer_type="text" font_size="18.00" text_color="#ffffff" custom_class="sl_title" background_color="#F3F3F3" background_opacity="1.00" font_family="" font_weight="normal" text_decoration="none" text_transform="uppercase" padding="5px 10px" box_radius="20" top="110.00" left="645.00" right="0.00" top_right="0.00" animation_in="fadeInLeft" animation_out="fadeOutLeft" width="" height="" sort_order="1" move_in="1000" move_out="500" stand_duration="0" start_delay="0" image="" content_layer="25%  off all women’s dreses" link="" link_image="/etssoft/themes/boom17/modules/ets_multilayerslider/views/img/upload/"/><layer obj="MLS_Layer" id_slide="12" layer_type="text" font_size="42.00" text_color="#ffffff" custom_class="sl_subtitle" background_color="#F3F3F3" background_opacity="1.00" font_family="Montserrat" font_weight="600" text_decoration="none" text_transform="uppercase" padding="5px 10px" box_radius="20" top="155.00" left="535.00" right="0.00" top_right="0.00" animation_in="slideInRight" animation_out="slideOutRight" width="" height="" sort_order="2" move_in="1000" move_out="500" stand_duration="0" start_delay="0" image="" content_layer="Get amazing chance!" link="" link_image="/etssoft/themes/boom17/modules/ets_multilayerslider/views/img/upload/"/><layer obj="MLS_Layer" id_slide="12" layer_type="button" font_size="13.00" text_color="#ffffff" custom_class="sl_button" background_color="" background_opacity="1.00" font_family="Montserrat" font_weight="normal" text_decoration="underline" text_transform="uppercase" padding="10px 25px" box_radius="0" top="205.00" left="710.00" right="0.00" top_right="0.00" animation_in="zoomIn" animation_out="zoomOut" width="" height="" sort_order="3" move_in="1000" move_out="500" stand_duration="500" start_delay="2500" image="" content_layer="Purchase Now" link="#" link_image="/etssoft/themes/boom17/modules/ets_multilayerslider/views/img/upload/"/></layers></slide><slide obj="MLS_Slide" id_slide="8" image="slider-5.jpg" repeat_x="0" repeat_y="0" sort_order="7" backgroud_color="#f5f5f2" custom_class="" enabled="1" animation_in="rollIn" animation_out="zoomOutFlipVert" title="Slide 5" link_img="/etssoft/themes/boom17/modules/ets_multilayerslider/views/img/upload/slider-5.jpg" max_layer_in="3500" max_layer_out="1200"><layers><layer obj="MLS_Layer" id_slide="8" layer_type="text" font_size="18.00" text_color="#ffffff" custom_class="sl_title" background_color="#F3F3F3" background_opacity="1.00" font_family="" font_weight="normal" text_decoration="none" text_transform="uppercase" padding="5px 10px" box_radius="20" top="138.00" left="110.00" right="0.00" top_right="0.00" animation_in="fadeInLeft" animation_out="fadeOutLeft" width="" height="" sort_order="1" move_in="1000" move_out="500" stand_duration="0" start_delay="0" image="" content_layer="New arrivals" link="" link_image="/etssoft/themes/boom17/modules/ets_multilayerslider/views/img/upload/"/><layer obj="MLS_Layer" id_slide="8" layer_type="text" font_size="42.00" text_color="#ffffff" custom_class="sl_subtitle main_color" background_color="#F3F3F3" background_opacity="1.00" font_family="Montserrat" font_weight="600" text_decoration="none" text_transform="uppercase" padding="5px 10px" box_radius="20" top="183.00" left="110.00" right="0.00" top_right="0.00" animation_in="slideInRight" animation_out="slideOutRight" width="" height="" sort_order="2" move_in="1000" move_out="500" stand_duration="0" start_delay="0" image="" content_layer="Men’s fashion" link="" link_image="/etssoft/themes/boom17/modules/ets_multilayerslider/views/img/upload/"/><layer obj="MLS_Layer" id_slide="8" layer_type="text" font_size="16.00" text_color="#ffffff" custom_class="sl_des" background_color="#ec4249" background_opacity="1.00" font_family="" font_weight="normal" text_decoration="none" text_transform="none" padding="10px 20px" box_radius="20" top="220.00" left="110.00" right="0.00" top_right="0.00" animation_in="slideInRight" animation_out="slideOutRight" width="" height="" sort_order="3" move_in="1000" move_out="700" stand_duration="500" start_delay="900" image="" content_layer="&lt;p&gt;Lorem ipsum dolor sit amet, consectetur adipiscing elit&lt;br /&gt; odio. Praesent libero. Sed cursus ante dapibus dia&lt;/p&gt;" link="#" link_image="/etssoft/themes/boom17/modules/ets_multilayerslider/views/img/upload/"/><layer obj="MLS_Layer" id_slide="8" layer_type="button" font_size="13.00" text_color="#ffffff" custom_class="sl_button" background_color="" background_opacity="1.00" font_family="Montserrat" font_weight="normal" text_decoration="underline" text_transform="uppercase" padding="10px 15px" box_radius="0" top="290.00" left="110.00" right="0.00" top_right="0.00" animation_in="zoomIn" animation_out="zoomOut" width="" height="" sort_order="4" move_in="1000" move_out="500" stand_duration="500" start_delay="2500" image="" content_layer="Purchase Now" link="#" link_image="/etssoft/themes/boom17/modules/ets_multilayerslider/views/img/upload/"/></layers></slide><slide obj="MLS_Slide" id_slide="9" image="slider5-1.jpg" repeat_x="0" repeat_y="0" sort_order="8" backgroud_color="#f5f5f2" custom_class="" enabled="1" animation_in="rollIn" animation_out="zoomOutFlipVert" title="Slide 5-1" link_img="/etssoft/themes/boom17/modules/ets_multilayerslider/views/img/upload/slider5-1.jpg" max_layer_in="3500" max_layer_out="1200"><layers><layer obj="MLS_Layer" id_slide="9" layer_type="text" font_size="18.00" text_color="#ffffff" custom_class="sl_title" background_color="#F3F3F3" background_opacity="1.00" font_family="" font_weight="normal" text_decoration="none" text_transform="none" padding="5px 10px" box_radius="20" top="138.00" left="110.00" right="0.00" top_right="0.00" animation_in="fadeInLeft" animation_out="fadeOutLeft" width="" height="" sort_order="1" move_in="1000" move_out="500" stand_duration="0" start_delay="0" image="" content_layer="Women’s accesories" link="" link_image="/etssoft/themes/boom17/modules/ets_multilayerslider/views/img/upload/"/><layer obj="MLS_Layer" id_slide="9" layer_type="text" font_size="42.00" text_color="#ffffff" custom_class="sl_subtitle main_color" background_color="#F3F3F3" background_opacity="1.00" font_family="Montserrat" font_weight="600" text_decoration="none" text_transform="uppercase" padding="5px 10px" box_radius="20" top="183.00" left="110.00" right="0.00" top_right="0.00" animation_in="slideInRight" animation_out="slideOutRight" width="" height="" sort_order="2" move_in="1000" move_out="500" stand_duration="0" start_delay="0" image="" content_layer="jewellery" link="" link_image="/etssoft/themes/boom17/modules/ets_multilayerslider/views/img/upload/"/><layer obj="MLS_Layer" id_slide="9" layer_type="text" font_size="16.00" text_color="#ffffff" custom_class="sl_des" background_color="#ec4249" background_opacity="1.00" font_family="" font_weight="normal" text_decoration="none" text_transform="none" padding="10px 20px" box_radius="20" top="220.00" left="110.00" right="0.00" top_right="0.00" animation_in="slideInRight" animation_out="slideOutRight" width="" height="" sort_order="3" move_in="1000" move_out="700" stand_duration="500" start_delay="900" image="" content_layer="&lt;p&gt;Lorem ipsum dolor sit amet, consectetur adipiscing elit&lt;br /&gt; odio. Praesent libero. Sed cursus ante dapibus dia&lt;/p&gt;" link="#" link_image="/etssoft/themes/boom17/modules/ets_multilayerslider/views/img/upload/"/><layer obj="MLS_Layer" id_slide="9" layer_type="button" font_size="13.00" text_color="#ffffff" custom_class="sl_button" background_color="" background_opacity="1.00" font_family="Montserrat" font_weight="normal" text_decoration="underline" text_transform="uppercase" padding="10px 15px" box_radius="0" top="290.00" left="110.00" right="0.00" top_right="0.00" animation_in="zoomIn" animation_out="zoomOut" width="" height="" sort_order="4" move_in="1000" move_out="500" stand_duration="500" start_delay="2500" image="" content_layer="Purchase Now" link="#" link_image="/etssoft/themes/boom17/modules/ets_multilayerslider/views/img/upload/"/></layers></slide><slide obj="MLS_Slide" id_slide="11" image="slider-6.jpg" repeat_x="0" repeat_y="0" sort_order="9" backgroud_color="#f5f5f2" custom_class="" enabled="1" animation_in="rollIn" animation_out="zoomOutFlipVert" title="Slide 6" link_img="/etssoft/themes/boom17/modules/ets_multilayerslider/views/img/upload/slider-6.jpg" max_layer_in="3500" max_layer_out="1200"><layers><layer obj="MLS_Layer" id_slide="11" layer_type="text" font_size="18.00" text_color="#000000" custom_class="sl_title" background_color="#F3F3F3" background_opacity="1.00" font_family="" font_weight="normal" text_decoration="none" text_transform="none" padding="5px 10px" box_radius="20" top="105.00" left="105.00" right="0.00" top_right="0.00" animation_in="fadeInLeft" animation_out="fadeOutLeft" width="" height="" sort_order="1" move_in="1000" move_out="500" stand_duration="0" start_delay="0" image="" content_layer="New arrivals" link="" link_image="/etssoft/themes/boom17/modules/ets_multilayerslider/views/img/upload/"/><layer obj="MLS_Layer" id_slide="11" layer_type="text" font_size="42.00" text_color="#000000" custom_class="sl_subtitle" background_color="#F3F3F3" background_opacity="1.00" font_family="Montserrat" font_weight="600" text_decoration="none" text_transform="uppercase" padding="5px 10px" box_radius="20" top="148.00" left="105.00" right="0.00" top_right="0.00" animation_in="slideInRight" animation_out="slideOutRight" width="" height="" sort_order="2" move_in="1000" move_out="500" stand_duration="0" start_delay="0" image="" content_layer="for women’s" link="" link_image="/etssoft/themes/boom17/modules/ets_multilayerslider/views/img/upload/"/><layer obj="MLS_Layer" id_slide="11" layer_type="text" font_size="16.00" text_color="#555555" custom_class="sl_des" background_color="#ec4249" background_opacity="1.00" font_family="" font_weight="normal" text_decoration="none" text_transform="none" padding="10px 20px" box_radius="20" top="183.00" left="105.00" right="0.00" top_right="0.00" animation_in="slideInRight" animation_out="slideOutRight" width="" height="" sort_order="3" move_in="1000" move_out="700" stand_duration="500" start_delay="900" image="" content_layer="&lt;p&gt;Lorem ipsum dolor sit amet, consectetur adipiscing elit&lt;br /&gt; odio. Praesent libero. Sed cursus ante dapibus dia&lt;/p&gt;" link="#" link_image="/etssoft/themes/boom17/modules/ets_multilayerslider/views/img/upload/"/><layer obj="MLS_Layer" id_slide="11" layer_type="button" font_size="13.00" text_color="#000000" custom_class="sl_button" background_color="" background_opacity="1.00" font_family="Montserrat" font_weight="normal" text_decoration="underline" text_transform="uppercase" padding="10px 15px" box_radius="0" top="255.00" left="105.00" right="0.00" top_right="0.00" animation_in="zoomIn" animation_out="zoomOut" width="" height="" sort_order="4" move_in="1000" move_out="500" stand_duration="500" start_delay="2500" image="" content_layer="Purchase Now" link="#" link_image="/etssoft/themes/boom17/modules/ets_multilayerslider/views/img/upload/"/></layers></slide><slide obj="MLS_Slide" id_slide="13" image="slider6-2.jpg" repeat_x="0" repeat_y="0" sort_order="10" backgroud_color="#f5f5f2" custom_class="" enabled="1" animation_in="rollIn" animation_out="zoomOutFlipVert" title="Slide 6-1" link_img="/etssoft/themes/boom17/modules/ets_multilayerslider/views/img/upload/slider6-2.jpg" max_layer_in="3500" max_layer_out="1200"><layers><layer obj="MLS_Layer" id_slide="13" layer_type="text" font_size="18.00" text_color="#000000" custom_class="sl_title" background_color="#F3F3F3" background_opacity="1.00" font_family="" font_weight="normal" text_decoration="none" text_transform="none" padding="5px 10px" box_radius="20" top="105.00" left="105.00" right="0.00" top_right="0.00" animation_in="fadeInLeft" animation_out="fadeOutLeft" width="" height="" sort_order="1" move_in="1000" move_out="500" stand_duration="0" start_delay="0" image="" content_layer="New arrivals" link="" link_image="/etssoft/themes/boom17/modules/ets_multilayerslider/views/img/upload/"/><layer obj="MLS_Layer" id_slide="13" layer_type="text" font_size="42.00" text_color="#000000" custom_class="sl_subtitle" background_color="#F3F3F3" background_opacity="1.00" font_family="Montserrat" font_weight="600" text_decoration="none" text_transform="uppercase" padding="5px 10px" box_radius="20" top="148.00" left="105.00" right="0.00" top_right="0.00" animation_in="slideInRight" animation_out="slideOutRight" width="" height="" sort_order="2" move_in="1000" move_out="500" stand_duration="0" start_delay="0" image="" content_layer="Party dresses" link="" link_image="/etssoft/themes/boom17/modules/ets_multilayerslider/views/img/upload/"/><layer obj="MLS_Layer" id_slide="13" layer_type="text" font_size="16.00" text_color="#555555" custom_class="sl_des" background_color="#ec4249" background_opacity="1.00" font_family="" font_weight="normal" text_decoration="none" text_transform="none" padding="10px 20px" box_radius="20" top="183.00" left="105.00" right="0.00" top_right="0.00" animation_in="slideInRight" animation_out="slideOutRight" width="" height="" sort_order="3" move_in="1000" move_out="700" stand_duration="500" start_delay="900" image="" content_layer="&lt;p&gt;Lorem ipsum dolor sit amet, consectetur adipiscing elit&lt;br /&gt; odio. Praesent libero. Sed cursus ante dapibus dia&lt;/p&gt;" link="#" link_image="/etssoft/themes/boom17/modules/ets_multilayerslider/views/img/upload/"/><layer obj="MLS_Layer" id_slide="13" layer_type="button" font_size="13.00" text_color="#000000" custom_class="sl_button" background_color="" background_opacity="1.00" font_family="Montserrat" font_weight="normal" text_decoration="underline" text_transform="uppercase" padding="10px 15px" box_radius="0" top="255.00" left="105.00" right="0.00" top_right="0.00" animation_in="zoomIn" animation_out="zoomOut" width="" height="" sort_order="4" move_in="1000" move_out="500" stand_duration="500" start_delay="2500" image="" content_layer="Purchase Now" link="#" link_image="/etssoft/themes/boom17/modules/ets_multilayerslider/views/img/upload/"/></layers></slide></slides>
