<?xml version="1.0" encoding="UTF-8"?>
<!-- Copyright ETS-Soft -->
<menus><menu id_menu="6" sort_order="1" enabled="1" id_cms="0" id_manufacturer="0" id_category="0" link_type="HOME" sub_menu_type="FULL" sub_menu_max_width="100" custom_class="home_layout_menu" bubble_text_color="#ffffff" bubble_background_color="#FC4444" title="Home" link="" bubble_text="" menu_link="http://prestaman.com/etssoft/themes/boom17/en/"><columns><column id_menu="6" is_breaker="0" column_size="2" sort_order="1"><blocks><block id_column="15" block_type="IMAGE" image="demo1.jpg" sort_order="1" enabled="1" id_categories="" id_manufacturers="" id_products="" id_cmss="" display_title="1" title="Home 1" title_link="http://prestaman.com/etssoft/themes/boom17/?YBC_TC_LAYOUT=LayoutHome1&amp;tc_init=1" content="" image_link="http://prestaman.com/etssoft/themes/boom17/?YBC_TC_LAYOUT=LayoutHome1&amp;tc_init=1"/></blocks></column><column id_menu="6" is_breaker="0" column_size="2" sort_order="2"><blocks><block id_column="20" block_type="IMAGE" image="demo2.jpg" sort_order="1" enabled="1" id_categories="" id_manufacturers="" id_products="" id_cmss="" display_title="1" title="Home 2" title_link="http://prestaman.com/etssoft/themes/boom17/?YBC_TC_LAYOUT=LayoutHome2&amp;tc_init=1" content="" image_link="http://prestaman.com/etssoft/themes/boom17/?YBC_TC_LAYOUT=LayoutHome2&amp;tc_init=1"/></blocks></column><column id_menu="6" is_breaker="0" column_size="2" sort_order="3"><blocks><block id_column="19" block_type="IMAGE" image="demo3.jpg" sort_order="1" enabled="1" id_categories="" id_manufacturers="" id_products="" id_cmss="" display_title="1" title="Home 3" title_link="http://prestaman.com/etssoft/themes/boom17/?YBC_TC_LAYOUT=LayoutHome3&amp;tc_init=1" content="" image_link="http://prestaman.com/etssoft/themes/boom17/?YBC_TC_LAYOUT=LayoutHome3&amp;tc_init=1"/></blocks></column><column id_menu="6" is_breaker="0" column_size="2" sort_order="4"><blocks><block id_column="18" block_type="IMAGE" image="demo4.jpg" sort_order="1" enabled="1" id_categories="" id_manufacturers="" id_products="" id_cmss="" display_title="1" title="Home 4" title_link="http://prestaman.com/etssoft/themes/boom17/?YBC_TC_LAYOUT=LayoutHome4&amp;tc_init=1" content="" image_link="http://prestaman.com/etssoft/themes/boom17/?YBC_TC_LAYOUT=LayoutHome4&amp;tc_init=1"/></blocks></column><column id_menu="6" is_breaker="0" column_size="2" sort_order="5"><blocks><block id_column="17" block_type="IMAGE" image="demo5.jpg" sort_order="1" enabled="1" id_categories="" id_manufacturers="" id_products="" id_cmss="" display_title="1" title="Home 5" title_link="http://prestaman.com/etssoft/themes/boom17/?YBC_TC_LAYOUT=LayoutHome5&amp;tc_init=1" content="" image_link="http://prestaman.com/etssoft/themes/boom17/?YBC_TC_LAYOUT=LayoutHome5&amp;tc_init=1"/></blocks></column><column id_menu="6" is_breaker="0" column_size="2" sort_order="6"><blocks><block id_column="16" block_type="IMAGE" image="386f6c9a96-demo4.jpg" sort_order="1" enabled="1" id_categories="" id_manufacturers="" id_products="" id_cmss="" display_title="1" title="Home 6" title_link="http://prestaman.com/etssoft/themes/boom17/?YBC_TC_LAYOUT=LayoutHome6&amp;tc_init=1" content="" image_link="http://prestaman.com/etssoft/themes/boom17/?YBC_TC_LAYOUT=LayoutHome6&amp;tc_init=1"/></blocks></column></columns></menu><menu id_menu="7" sort_order="2" enabled="1" id_cms="0" id_manufacturer="0" id_category="3" link_type="CATEGORY" sub_menu_type="FULL" sub_menu_max_width="100" custom_class="" bubble_text_color="#ffffff" bubble_background_color="#FC4444" title="Shoes" link="" bubble_text="" menu_link="http://prestaman.com/etssoft/themes/boom17/en/3-women"><columns><column id_menu="7" is_breaker="0" column_size="3" sort_order="1"><blocks><block id_column="8" block_type="CATEGORY" image="" sort_order="1" enabled="1" id_categories="5,6,7,10,11" id_manufacturers="" id_products="" id_cmss="" display_title="1" title="Women's" title_link="" content="&lt;ul&gt;&#13;&#10;                    &lt;li&gt;&#13;&#10;                &lt;a href=&quot;#&quot;&gt;Blouses&lt;/a&gt;&#13;&#10;                            &lt;/li&gt;&#13;&#10;                    &lt;li&gt;&#13;&#10;                &lt;a href=&quot;#&quot;&gt;Casual Dresses&lt;/a&gt;&#13;&#10;                            &lt;/li&gt;&#13;&#10;                    &lt;li&gt;&#13;&#10;                &lt;a href=&quot;#&quot;&gt;Dresses&lt;/a&gt;&#13;&#10;                            &lt;/li&gt;&#13;&#10;                    &lt;li&gt;&#13;&#10;                &lt;a href=&quot;#&quot;&gt;T-shirts&lt;/a&gt;&#13;&#10;                            &lt;/li&gt;&#13;&#10;                    &lt;li&gt;&#13;&#10;                &lt;a href=&quot;#&quot;&gt;Tops&lt;/a&gt;&#13;&#10;                            &lt;/li&gt;&#13;&#10;            &lt;/ul&gt;" image_link=""/></blocks></column><column id_menu="7" is_breaker="0" column_size="3" sort_order="2"><blocks><block id_column="9" block_type="CATEGORY" image="" sort_order="1" enabled="1" id_categories="6,7,9,10,11" id_manufacturers="" id_products="" id_cmss="" display_title="1" title="Accessories" title_link="" content="&lt;ul&gt;&#13;&#10;                    &lt;li&gt;&#13;&#10;                &lt;a href=&quot;#&quot;&gt;Blouses&lt;/a&gt;&#13;&#10;                            &lt;/li&gt;&#13;&#10;                    &lt;li&gt;&#13;&#10;                &lt;a href=&quot;#&quot;&gt;Casual Dresses&lt;/a&gt;&#13;&#10;                            &lt;/li&gt;&#13;&#10;                    &lt;li&gt;&#13;&#10;                &lt;a href=&quot;#&quot;&gt;Dresses&lt;/a&gt;&#13;&#10;                            &lt;/li&gt;&#13;&#10;                    &lt;li&gt;&#13;&#10;                &lt;a href=&quot;#&quot;&gt;T-shirts&lt;/a&gt;&#13;&#10;                            &lt;/li&gt;&#13;&#10;                    &lt;li&gt;&#13;&#10;                &lt;a href=&quot;#&quot;&gt;Tops&lt;/a&gt;&#13;&#10;                            &lt;/li&gt;&#13;&#10;            &lt;/ul&gt;" image_link=""/></blocks></column><column id_menu="7" is_breaker="0" column_size="3" sort_order="3"><blocks><block id_column="10" block_type="CATEGORY" image="" sort_order="1" enabled="1" id_categories="5,6,7,9,10" id_manufacturers="" id_products="" id_cmss="" display_title="1" title="Fashion" title_link="" content="&lt;ul&gt;&#13;&#10;                    &lt;li&gt;&#13;&#10;                &lt;a href=&quot;#&quot;&gt;Blouses&lt;/a&gt;&#13;&#10;                            &lt;/li&gt;&#13;&#10;                    &lt;li&gt;&#13;&#10;                &lt;a href=&quot;#&quot;&gt;Casual Dresses&lt;/a&gt;&#13;&#10;                            &lt;/li&gt;&#13;&#10;                    &lt;li&gt;&#13;&#10;                &lt;a href=&quot;#&quot;&gt;Dresses&lt;/a&gt;&#13;&#10;                            &lt;/li&gt;&#13;&#10;                    &lt;li&gt;&#13;&#10;                &lt;a href=&quot;#&quot;&gt;T-shirts&lt;/a&gt;&#13;&#10;                            &lt;/li&gt;&#13;&#10;                    &lt;li&gt;&#13;&#10;                &lt;a href=&quot;#&quot;&gt;Tops&lt;/a&gt;&#13;&#10;                            &lt;/li&gt;&#13;&#10;            &lt;/ul&gt;" image_link=""/></blocks></column><column id_menu="7" is_breaker="0" column_size="3" sort_order="4"><blocks><block id_column="11" block_type="CATEGORY" image="" sort_order="1" enabled="1" id_categories="6,7,9,10,11" id_manufacturers="" id_products="" id_cmss="" display_title="1" title="Blouses" title_link="" content="&lt;ul&gt;&#13;&#10;                    &lt;li&gt;&#13;&#10;                &lt;a href=&quot;#&quot;&gt;Blouses&lt;/a&gt;&#13;&#10;                            &lt;/li&gt;&#13;&#10;                    &lt;li&gt;&#13;&#10;                &lt;a href=&quot;#&quot;&gt;Casual Dresses&lt;/a&gt;&#13;&#10;                            &lt;/li&gt;&#13;&#10;                    &lt;li&gt;&#13;&#10;                &lt;a href=&quot;#&quot;&gt;Dresses&lt;/a&gt;&#13;&#10;                            &lt;/li&gt;&#13;&#10;                    &lt;li&gt;&#13;&#10;                &lt;a href=&quot;#&quot;&gt;T-shirts&lt;/a&gt;&#13;&#10;                            &lt;/li&gt;&#13;&#10;                    &lt;li&gt;&#13;&#10;                &lt;a href=&quot;#&quot;&gt;Tops&lt;/a&gt;&#13;&#10;                            &lt;/li&gt;&#13;&#10;            &lt;/ul&gt;" image_link=""/></blocks></column><column id_menu="7" is_breaker="1" column_size="6" sort_order="5"><blocks><block id_column="12" block_type="IMAGE" image="accessories-84528_960_720.jpg" sort_order="1" enabled="1" id_categories="" id_manufacturers="" id_products="10,2" id_cmss="" display_title="0" title="banner" title_link="" content="" image_link="#"/></blocks></column><column id_menu="7" is_breaker="0" column_size="6" sort_order="6"><blocks><block id_column="13" block_type="IMAGE" image="shoes-1589755_960_720.jpg" sort_order="1" enabled="1" id_categories="" id_manufacturers="" id_products="10,2" id_cmss="" display_title="0" title="banner 2" title_link="" content="" image_link="#"/></blocks></column></columns></menu><menu id_menu="8" sort_order="3" enabled="1" id_cms="0" id_manufacturer="0" id_category="0" link_type="CUSTOM" sub_menu_type="FULL" sub_menu_max_width="100" custom_class="" bubble_text_color="#ffffff" bubble_background_color="#FC4444" title="Watches" link="#" bubble_text="" menu_link="#"><columns><column id_menu="8" is_breaker="0" column_size="3" sort_order="1"><blocks><block id_column="21" block_type="CATEGORY" image="" sort_order="1" enabled="1" id_categories="5,6,7,9,10" id_manufacturers="" id_products="" id_cmss="" display_title="1" title="Adipiscing" title_link="" content="" image_link=""/><block id_column="21" block_type="CATEGORY" image="" sort_order="2" enabled="1" id_categories="5,6,7,9,10" id_manufacturers="" id_products="" id_cmss="" display_title="1" title="Adipiscing" title_link="" content="" image_link=""/></blocks></column><column id_menu="8" is_breaker="0" column_size="3" sort_order="2"><blocks><block id_column="23" block_type="CATEGORY" image="" sort_order="1" enabled="1" id_categories="5,6,7,9,10" id_manufacturers="" id_products="" id_cmss="" display_title="1" title="Adipiscing" title_link="" content="" image_link=""/><block id_column="23" block_type="CATEGORY" image="" sort_order="2" enabled="1" id_categories="5,6,7,9,10" id_manufacturers="" id_products="" id_cmss="" display_title="1" title="Adipiscing" title_link="" content="" image_link=""/></blocks></column><column id_menu="8" is_breaker="0" column_size="3" sort_order="3"><blocks><block id_column="22" block_type="CATEGORY" image="" sort_order="1" enabled="1" id_categories="5,6,7,9,10" id_manufacturers="" id_products="" id_cmss="" display_title="1" title="Adipiscing" title_link="" content="" image_link=""/><block id_column="22" block_type="CATEGORY" image="" sort_order="2" enabled="1" id_categories="5,6,7,9,10" id_manufacturers="" id_products="" id_cmss="" display_title="1" title="Adipiscing" title_link="" content="" image_link=""/></blocks></column><column id_menu="8" is_breaker="0" column_size="3" sort_order="4"><blocks><block id_column="24" block_type="IMAGE" image="watches.jpg" sort_order="1" enabled="1" id_categories="" id_manufacturers="" id_products="" id_cmss="" display_title="0" title="image" title_link="" content="" image_link=""/></blocks></column></columns></menu><menu id_menu="9" sort_order="4" enabled="1" id_cms="4" id_manufacturer="0" id_category="0" link_type="CUSTOM" sub_menu_type="FULL" sub_menu_max_width="100" custom_class="" bubble_text_color="#ffffff" bubble_background_color="#FC4444" title="Dresses" link="#" bubble_text="" menu_link="#"><columns><column id_menu="9" is_breaker="0" column_size="3" sort_order="1"><blocks><block id_column="25" block_type="CATEGORY" image="" sort_order="1" enabled="1" id_categories="5,6,7,9,10" id_manufacturers="" id_products="" id_cmss="" display_title="1" title="Adipiscing" title_link="" content="" image_link=""/><block id_column="25" block_type="CATEGORY" image="" sort_order="2" enabled="1" id_categories="5,6,7,9,10" id_manufacturers="" id_products="" id_cmss="" display_title="1" title="Adipiscing" title_link="" content="" image_link=""/></blocks></column><column id_menu="9" is_breaker="0" column_size="3" sort_order="2"><blocks><block id_column="26" block_type="CATEGORY" image="" sort_order="1" enabled="1" id_categories="5,6,7,9,10" id_manufacturers="" id_products="" id_cmss="" display_title="1" title="Adipiscing" title_link="" content="" image_link=""/><block id_column="26" block_type="CATEGORY" image="" sort_order="2" enabled="1" id_categories="5,6,7,9,10" id_manufacturers="" id_products="" id_cmss="" display_title="1" title="Adipiscing" title_link="" content="" image_link=""/></blocks></column><column id_menu="9" is_breaker="0" column_size="3" sort_order="3"><blocks><block id_column="27" block_type="PRODUCT" image="" sort_order="1" enabled="1" id_categories="" id_manufacturers="" id_products="5,7" id_cmss="" display_title="1" title="Hot deals" title_link="" content="" image_link=""/></blocks></column><column id_menu="9" is_breaker="0" column_size="3" sort_order="4"><blocks><block id_column="28" block_type="IMAGE" image="women.jpg" sort_order="1" enabled="1" id_categories="" id_manufacturers="" id_products="" id_cmss="" display_title="0" title="Image" title_link="" content="" image_link=""/><block id_column="28" block_type="HTML" image="" sort_order="2" enabled="1" id_categories="" id_manufacturers="" id_products="" id_cmss="" display_title="0" title="Lorem" title_link="" content="Lorem ipsum dolor sit amet, consectetur adipiscing elit, sed do eiusmod tempor incididunt ut labore et dolore magna aliqua. Ut enim ad minim veniam. Ut enim ad minima veniam, quis nostrum exercitationem" image_link=""/></blocks></column></columns></menu><menu id_menu="11" sort_order="5" enabled="1" id_cms="0" id_manufacturer="0" id_category="8" link_type="CATEGORY" sub_menu_type="FULL" sub_menu_max_width="100" custom_class="" bubble_text_color="#ffffff" bubble_background_color="#FC4444" title="Accessories" link="" bubble_text="" menu_link="http://prestaman.com/etssoft/themes/boom17/en/8-dresses"><columns/></menu><menu id_menu="12" sort_order="6" enabled="1" id_cms="0" id_manufacturer="0" id_category="0" link_type="CUSTOM" sub_menu_type="RIGHT" sub_menu_max_width="13" custom_class="mn_blog_item" bubble_text_color="#ffffff" bubble_background_color="#FC4444" title="Blog" link="http://prestaman.com/etssoft/themes/boom17/blog" bubble_text="" menu_link="http://prestaman.com/etssoft/themes/boom17/blog"><columns><column id_menu="12" is_breaker="0" column_size="2" sort_order="1"><blocks><block id_column="29" block_type="HTML" image="" sort_order="1" enabled="1" id_categories="" id_manufacturers="" id_products="" id_cmss="" display_title="0" title="Blog" title_link="" content="&lt;ul&gt;&#13;&#10;&#9;&lt;li&gt;&lt;a href=&quot;http://prestaman.com/etssoft/themes/boom17/blog&quot;&gt;Main page&lt;/a&gt;&lt;/li&gt;&#13;&#10;&#9;&lt;li&gt;&lt;a href=&quot;http://prestaman.com/etssoft/themes/boom17/blog/post/1-sample-post1.html&quot;&gt;Post page&lt;/a&gt;&lt;/li&gt;&#13;&#10;&#9;&lt;li&gt;&lt;a href=&quot;http://prestaman.com/etssoft/themes/boom17/blog/category/1-sample-category.html&quot;&gt;Category page&lt;/a&gt;&lt;/li&gt;&#13;&#10;&#9;&lt;li&gt;&lt;a href=&quot;http://prestaman.com/etssoft/themes/boom17/blog/author/1-ets-quang&quot;&gt;Author page&lt;/a&gt;&lt;/li&gt;&#13;&#10;&lt;/ul&gt;" image_link=""/></blocks></column></columns></menu><menu id_menu="10" sort_order="7" enabled="1" id_cms="0" id_manufacturer="0" id_category="0" link_type="CONTACT" sub_menu_type="LEFT" sub_menu_max_width="13" custom_class="contact_menu mn_contact_item" bubble_text_color="#ffffff" bubble_background_color="#FC4444" title="Contact" link="" bubble_text="" menu_link="http://prestaman.com/etssoft/themes/boom17/en/contact-us"><columns><column id_menu="10" is_breaker="0" column_size="2" sort_order="1"><blocks><block id_column="14" block_type="HTML" image="" sort_order="1" enabled="1" id_categories="" id_manufacturers="" id_products="" id_cmss="" display_title="0" title="contact demo" title_link="" content="&lt;ul&gt;&#13;&#10;&lt;li&gt;&lt;a href=&quot;http://prestaman.com/etssoft/themes/boom17/en/contact-us?YBC_TC_CONTACT_FORM_LAYOUT=contact_layout1&quot;&gt;Contact page 1&lt;/a&gt;&lt;/li&gt;&#13;&#10;&lt;li&gt;&lt;a href=&quot;http://prestaman.com/etssoft/themes/boom17/en/contact-us?YBC_TC_CONTACT_FORM_LAYOUT=contact_layout2&quot;&gt;Contact page 2&lt;/a&gt;&lt;/li&gt;&#13;&#10;&lt;li&gt;&lt;a href=&quot;http://prestaman.com/etssoft/themes/boom17/en/contact-us?YBC_TC_CONTACT_FORM_LAYOUT=contact_layout3&quot;&gt;Contact page 3&lt;/a&gt;&lt;/li&gt;&#13;&#10;&lt;/ul&gt;" image_link=""/></blocks></column></columns></menu></menus>
